-- phpMyAdmin SQL Dump
-- version 5.0.3
-- https://www.phpmyadmin.net/
--
-- Host: 127.0.0.1
-- Tempo de geração: 06-Nov-2020 às 20:51
-- Versão do servidor: 10.4.14-MariaDB
-- versão do PHP: 7.4.11

SET SQL_MODE = "NO_AUTO_VALUE_ON_ZERO";
START TRANSACTION;
SET time_zone = "+00:00";


/*!40101 SET @OLD_CHARACTER_SET_CLIENT=@@CHARACTER_SET_CLIENT */;
/*!40101 SET @OLD_CHARACTER_SET_RESULTS=@@CHARACTER_SET_RESULTS */;
/*!40101 SET @OLD_COLLATION_CONNECTION=@@COLLATION_CONNECTION */;
/*!40101 SET NAMES utf8mb4 */;

--
-- Banco de dados: `lab`
--

-- --------------------------------------------------------

--
-- Estrutura da tabela `analises`
--

CREATE TABLE `analises` (
  `id` bigint(20) UNSIGNED NOT NULL,
  `recebimento_id` bigint(20) UNSIGNED DEFAULT NULL,
  `produto_id` bigint(20) UNSIGNED DEFAULT NULL,
  `datalaudo` datetime NOT NULL,
  `analista_id` bigint(20) UNSIGNED DEFAULT NULL,
  `obs` text COLLATE utf8mb4_unicode_ci NOT NULL,
  `laudo` text COLLATE utf8mb4_unicode_ci NOT NULL,
  `st` varchar(255) COLLATE utf8mb4_unicode_ci NOT NULL,
  `deleted_at` timestamp NULL DEFAULT NULL,
  `fds` varchar(5) COLLATE utf8mb4_unicode_ci DEFAULT NULL,
  `tplaudo` varchar(15) COLLATE utf8mb4_unicode_ci DEFAULT NULL
) ENGINE=InnoDB DEFAULT CHARSET=utf8mb4 COLLATE=utf8mb4_unicode_ci;

-- --------------------------------------------------------

--
-- Estrutura da tabela `analistas`
--

CREATE TABLE `analistas` (
  `id` bigint(20) UNSIGNED NOT NULL,
  `nome` varchar(255) COLLATE utf8mb4_unicode_ci NOT NULL,
  `deleted_at` timestamp NULL DEFAULT NULL
) ENGINE=InnoDB DEFAULT CHARSET=utf8mb4 COLLATE=utf8mb4_unicode_ci;

--
-- Extraindo dados da tabela `analistas`
--

INSERT INTO `analistas` (`id`, `nome`, `deleted_at`) VALUES
(1, 'Cleiton Prestes', NULL);

-- --------------------------------------------------------

--
-- Estrutura da tabela `failed_jobs`
--

CREATE TABLE `failed_jobs` (
  `id` bigint(20) UNSIGNED NOT NULL,
  `connection` text COLLATE utf8mb4_unicode_ci NOT NULL,
  `queue` text COLLATE utf8mb4_unicode_ci NOT NULL,
  `payload` longtext COLLATE utf8mb4_unicode_ci NOT NULL,
  `exception` longtext COLLATE utf8mb4_unicode_ci NOT NULL,
  `failed_at` timestamp NOT NULL DEFAULT current_timestamp()
) ENGINE=InnoDB DEFAULT CHARSET=utf8mb4 COLLATE=utf8mb4_unicode_ci;

-- --------------------------------------------------------

--
-- Estrutura da tabela `fornecedors`
--

CREATE TABLE `fornecedors` (
  `id` bigint(20) UNSIGNED NOT NULL,
  `nome` varchar(255) COLLATE utf8mb4_unicode_ci NOT NULL,
  `fornsap` varchar(255) COLLATE utf8mb4_unicode_ci NOT NULL,
  `deleted_at` timestamp NULL DEFAULT NULL
) ENGINE=InnoDB DEFAULT CHARSET=utf8mb4 COLLATE=utf8mb4_unicode_ci;

--
-- Extraindo dados da tabela `fornecedors`
--

INSERT INTO `fornecedors` (`id`, `nome`, `fornsap`, `deleted_at`) VALUES
(1, 'INGREDION', '', NULL),
(2, 'NATIONAL', '196938', NULL),
(3, 'ARCHROMA', '188818', NULL),
(4, 'ENIA', '190304', NULL),
(5, 'SIDERQUIMICA', '194843', NULL),
(6, 'MINERACAO HORII', '195158', NULL),
(7, 'CADAM', '194483', NULL),
(8, 'CADAM S/A', '194475', NULL),
(9, 'IMERYS', '220989', NULL),
(10, 'ARAUCO', '', NULL),
(11, 'CMPC INTERNATIONAL', '131017', NULL),
(12, 'ALTO PARANA', '177640', NULL),
(15, 'INTERNATIONAL PAPER', '191148', NULL),
(17, 'TRINSEO DO BRASIL', '194995', NULL),
(18, 'NALCO', '188765', NULL),
(19, 'BUCKMAN', '188968', NULL),
(20, 'ROHM HAAS', '194724', NULL),
(21, 'TECHNOCOAT', '194984', NULL),
(23, 'PEROXIDOS DO BRASIL', '194495', NULL),
(24, 'PQ SILICAS DO BRASIL', '195417', NULL),
(25, 'SOLVAY', '189066', NULL),
(26, 'OMYA DO BRASIL', '184879', NULL),
(27, 'LAMIL', '193998', NULL),
(28, 'SONOCO', '216669', NULL),
(29, 'CLARIANT', '194657', NULL),
(30, 'SMI', '', NULL),
(31, 'C.VALE', '', NULL),
(32, 'LOGOS QUIMICA', '', NULL),
(33, 'SIDERQUIMICA', '', NULL),
(34, 'IQT', '', NULL),
(35, 'INPAL', '', NULL),
(36, 'MAGNESITA', '', NULL),
(37, 'BUCKMAN', '', NULL),
(39, 'TECHNOCOAT', '', NULL),
(41, 'OMYA', '', NULL),
(42, 'CIBA', '', NULL),
(43, 'GRAINTEC', '', NULL),
(44, 'CARBOCLORO', '', NULL),
(45, 'BASF', '', NULL),
(47, 'PQ SILICAS', '', NULL),
(50, 'CARBOCLORO', '', NULL),
(51, 'DYNATECH', '', NULL),
(53, 'QUIMIPEL', '', NULL),
(54, 'CARGIL', '', NULL),
(55, 'CMPC', '', NULL),
(56, 'SUNILA MILL', '', NULL),
(57, 'LWARCEL', '', NULL),
(58, 'OULU MILL', '', NULL),
(59, 'SKUSTKAR MILL', '', NULL),
(60, 'ENOCELL OU', '', NULL),
(62, 'KEMIRA', '', NULL),
(63, '', '', NULL),
(64, 'ASHLAND', '', NULL),
(65, 'COREMAX', '', NULL),
(66, 'ADESI', '', NULL),
(67, 'SYRAL  HALOTEK TEREOS', '', NULL),
(68, 'MONDO MINERALS', '', NULL),
(69, 'BAUMINAS INDUSTRIA QU?MICAS', '', NULL),
(70, '', '', NULL),
(71, 'QUIMISA S/A IND. QU?MICA', '', NULL),
(72, 'IBERKEM', '', NULL),
(73, 'SONOCO', '', NULL),
(74, 'LIPESA DO BRASIL ESPC. QUIMICAS', '', NULL),
(75, '', '', NULL),
(77, 'MARSIL', '', NULL),
(78, 'PULPAP', '', NULL),
(79, '', '', NULL),
(80, 'SINTEQUIMICA', '', NULL),
(81, 'JBS S/A', '', NULL),
(82, 'TRICON ENERGY DO BRASIL COM DE PROD', '', NULL),
(83, 'AMBIENTALY', '', NULL),
(85, 'UNIGEL', '', NULL),
(87, 'CADAM', '', NULL),
(88, 'DAG QU?MICA', '', NULL),
(89, 'BASE QU?MICA', '', NULL),
(90, 'TRICHEM BRASIL COM DE PROD QUIMICOS', '', NULL),
(91, '', '', NULL);

-- --------------------------------------------------------

--
-- Estrutura da tabela `migrations`
--

CREATE TABLE `migrations` (
  `id` int(10) UNSIGNED NOT NULL,
  `migration` varchar(255) COLLATE utf8mb4_unicode_ci NOT NULL,
  `batch` int(11) NOT NULL
) ENGINE=InnoDB DEFAULT CHARSET=utf8mb4 COLLATE=utf8mb4_unicode_ci;

--
-- Extraindo dados da tabela `migrations`
--

INSERT INTO `migrations` (`id`, `migration`, `batch`) VALUES
(8, '2014_08_19_000000_create_failed_jobs_table', 1),
(9, '2014_10_12_000000_create_users_table', 1);

-- --------------------------------------------------------

--
-- Estrutura da tabela `produtos`
--

CREATE TABLE `produtos` (
  `id` bigint(20) UNSIGNED NOT NULL,
  `produtobo` varchar(255) COLLATE utf8mb4_unicode_ci NOT NULL,
  `nometec` varchar(255) COLLATE utf8mb4_unicode_ci NOT NULL,
  `fornecedor_id` bigint(20) UNSIGNED DEFAULT NULL,
  `resparea` varchar(255) COLLATE utf8mb4_unicode_ci DEFAULT NULL,
  `st` varchar(255) COLLATE utf8mb4_unicode_ci NOT NULL,
  `cosap` varchar(255) COLLATE utf8mb4_unicode_ci DEFAULT NULL,
  `deleted_at` timestamp NULL DEFAULT NULL
) ENGINE=InnoDB DEFAULT CHARSET=utf8mb4 COLLATE=utf8mb4_unicode_ci;

--
-- Extraindo dados da tabela `produtos`
--

INSERT INTO `produtos` (`id`, `produtobo`, `nometec`, `fornecedor_id`, `resparea`, `st`, `cosap`, `deleted_at`) VALUES
(11, 'ALVEJANTE OTICO', 'ENIAPHOR 3 CRA LIQUIDO', 5, '', 'D', '1183445', NULL),
(15, 'ANILINA MP', 'VIOLETA BASAZOL', 45, '', 'A', '1227803', NULL),
(16, 'ANTIESPUMANTE PARA TINTA', 'SIDERCEL 28 G', 5, '', 'A', '1181442', NULL),
(17, 'CARBONATO CALCIO NATURAL', 'CARBITAL SE 100', 9, 'PTA', 'A', '1229621', NULL),
(18, 'CAULIM AMAZON PLUS', 'CAULIM AMAZON PLUS SLURRY', 7, 'PTA', 'D', '1224635', NULL),
(19, 'MODIFICADOR REOLOGIA', 'PRIMAL TT935', 20, '', 'D', '1226819', NULL),
(20, 'CAULIM CARGA', 'HH84 LQ55', 6, 'PTA', 'A', '1227785', NULL),
(21, 'DISPERSANTE', 'SIDERCEL 37', 5, 'PTA', 'A', '1226814', NULL),
(22, 'DTPA', 'VERSENEX 80', 17, 'PASTA', 'D', '1227288', NULL),
(23, 'ESPESSANTE', 'ACROSOL BA 939', 45, '', 'A', '', NULL),
(24, 'ESTEARATO CALCIO', 'ESTEARATO DE CALCIO SIDERCEL-50', 5, 'PTA', 'A', '1224621', NULL),
(27, 'LATEX  P/ ROTOGRAVURA  BASF', ' ACRONAL S 504 sa.', 45, 'PTA', 'D', '1224252', NULL),
(29, 'CAULIM AMAZON', 'AMAZON PLUS SD', 7, '', 'D', '1223927', NULL),
(30, 'PAPEL EMBALAGEM KRAFT EXTRUSADO', 'PAPEL SANDUICHE 800 mm', 21, 'PAC', 'A', '1223865', NULL),
(31, 'PEROXIDO DE  HIDROGENIO', 'PEROXIDO DE HIDROGENIO', 23, 'TMP', 'A', '1180744', NULL),
(36, 'SODA CAUSTICA', 'SODA LÍQUIDA SOLVAY', 25, 'TMP', 'D', '1229627', NULL),
(38, 'TALCO', 'ANTAX HS', 27, '', 'D', '1227058', NULL),
(39, 'CAULIM DELAMINADO', 'CENTURY', 8, '', 'A', '1223944', NULL),
(47, 'FLOCULANTE KROFTA', '61067', 18, '', 'D', '1227112', NULL),
(49, 'BIOCIDA ORGÂNICO', 'BUSAN 1469', 19, 'PAC', 'A', '1224550', NULL),
(50, 'PAPEL EMBALAGEM KRAFT EXTRUSADO', 'PAPEL SANDUICHE 1800 mm', 21, 'PAC', 'A', '1223866', NULL),
(51, 'PAPEL EMBALAGEM KRAFT EXTRUSADO', 'PAPEL SANDUICHE 1200 mm', 21, 'PAC', 'A', '1223869', NULL),
(52, 'PAPEL EMBALAGEM KRAFT EXTRUSADO', 'PAPEL SANDUICHE 1400 mm', 21, 'PAC', 'A', '1223870', NULL),
(53, 'PAPEL EMBALAGEM KRAFT EXTRUSADO', 'PAPEL SANDUICHE 1600 mm', 21, 'PAC', 'A', '1223872', NULL),
(54, 'PAPEL EMBALAGEM KRAFT EXTRUSADO', 'PAPEL SANDUICHE 1900 mm', 21, 'PAC', 'A', '1223908', NULL),
(55, 'PAPEL EMBALAGEM KRAFT EXTRUSADO', 'PAPEL SANDUICHE 2150 mm', 21, 'PAC', 'A', '1223874', NULL),
(56, 'TUBETE', 'TUBETE (MÉDIA RESISTENCIA) 760mm', 28, 'PAC', 'A', '1223900', NULL),
(57, 'TUBETE', 'TUBETE (MÉDIA RESISTENCIA) 840mm', 28, 'PAC', 'A', '1223899', NULL),
(58, 'TUBETE', 'TUBETE (MÉDIA RESISTENCIA) 860mm', 28, 'PAC', 'A', '1223898', NULL),
(59, 'TUBETE', 'TUBETE (MÉDIA RESISTENCIA) 832mm', 28, 'PAC', 'A', '1223897', NULL),
(62, 'PIGMENTO VIOLETA', 'PRINTROFIX VIOLETA', NULL, '', 'D', '1224686', NULL),
(63, 'PIGMENTO AZUL', 'PRINTROFIX AZUL', 29, '', 'D', '1224668', NULL),
(64, 'ALVEJANTE OTICO P/ TINTA', 'LEUKOPHOR UC', 29, 'PTA', 'D', '1179345', NULL),
(65, 'PAPEL EMBALAGEM KRAFT EXTRUSADO', 'PAPEL SANDUICHE 1000 mm', 21, 'PAC', 'A', '1223873', NULL),
(75, 'PAPEL EMBALAGEM KRAFT EXTRUSADO LARANJA', 'CWT VERDE REV 1200 mm', 21, '', 'D', '1243860', NULL),
(76, 'PAPEL EMBALAGEM KRAFT EXTRUSADO LARANJA', 'CWT VERDE REV 800 mm', 21, '', 'D', '1243861', NULL),
(77, 'PAPEL EMBALAGEM KRAFT EXTRUSADO LARANJA', 'CWT VERDE REV 1000 mm', 21, '', 'D', '1243862', NULL),
(78, 'PAPEL EMBALAGEM KRAFT EXTRUSADO LARANJA', 'CWT LARANJA REV 1600 mm', 21, '', 'D', '1243863', NULL),
(79, 'PAPEL CAPA ADESI P.KF.PE 1400X100+20+100+15', 'PAPEL CAPA ADESI P.KF.PE 1400X100+20+100+15', 66, 'PAC', 'A', '1243866', NULL),
(80, 'PAPEL CAPA ADESI P.KF.PE 1000X100+20+100+15', 'PAPEL CAPA ADESI P.KF.PE 1000X100+20+100+15', 66, 'PAC', 'A', '1243867', NULL),
(81, 'PAPEL CAPA ADESI P.KF.PE 1200X100+20+100+15', 'PAPEL CAPA ADESI P.KF.PE 1200X100+20+100+15', 66, 'PAC', 'A', '1243868', NULL),
(82, 'PAPEL CAPA ADESI P.KF.PE 800X100+20+100+15', 'PAPEL CAPA ADESI P.KF.PE 800X100+20+100+15', 66, 'PAC', 'A', '1243869', NULL),
(83, 'PAPEL CAPA ADESI P.KF.PE 1600X100+20+100+15', 'PAPEL CAPA ADESI P.KF.PE 1600X100+20+100+15', 66, 'PAC', 'A', '1243870', NULL),
(84, 'PAPEL CAPA ADESI P.KF.PE 2200X100+20+100+15', 'PAPEL CAPA ADESI P.KF.PE 2200X100+20+100+15', 66, 'PAC', 'A', '1223875', NULL),
(85, 'PAPEL CAPA ADESI P.KF.PE 2000X100+20+100+15', 'PAPEL CAPA ADESI P.KF.PE 2000X100+20+100+15', 66, 'PAC', 'A', '1243864', NULL),
(87, 'AGENTE DRENAGEM E RECUPERACAO FIBRA', 'NALCO 500048', 18, '', 'D', '1227897', NULL),
(88, 'AGENTE CONTROLE DEMANDA CATIONICA', 'NALCO 7607', 18, '', 'D', '1225016', NULL),
(91, 'BRANQUEADOR OPTICO', 'LEUKOPHOR LCB', 29, 'PTA', 'D', '1179350', NULL),
(94, 'CARBONATO CALCIO PRECIPITADO', 'OPACARB A40', 30, 'PTA', 'D', '1224642', NULL),
(95, 'CARBONATO CALCIO PRECIPITADO', 'CARBITAL CT', 9, 'PTA', 'D', '1162938', NULL),
(96, 'CELULOSE BRANQUEADA FIBRA LONGA', 'ALTO PARANÁ', 12, '', 'A', '1223923', NULL),
(97, 'DISPERSANTE', 'ACUMMER 9400', 20, 'PTA', 'D', '1163445', NULL),
(98, 'ANTIESPUMANTE P/ MAQUINA', 'SIDERCEL 52 AR', 5, '', 'D', '1233018', NULL),
(104, 'AMIDO CATIÔNICO DE MANDIOCA', 'AMYLOFAX T 00', 31, 'PTA', 'A', '', NULL),
(105, 'DISPERSANTE DE PITCH', 'LOGOSPERSE 1208', 32, NULL, 'D', '', NULL),
(106, 'MICROBIOCIDA PARA TINTA', 'BUSAN 1060', 19, NULL, 'D', '', NULL),
(107, 'ANILINA AMARELA / MP', 'CARTA AMARELO BGF LIQ', 29, NULL, 'D', '', NULL),
(110, 'AUXILIAR DE CONTROLE MICROBIOLÓGICO', 'BUSAN 1125', 19, 'PAC', 'A', '', NULL),
(112, 'AGENTE CONTROLE DEMANDA CATIÔNICA', 'BUFLOC 5033', 19, NULL, 'D', '', NULL),
(113, 'AGENTE DE CONTROLE DE DEPÓSITO', 'BUSPERSE 2454', 19, 'MAQ', 'A', '', NULL),
(114, 'CAULIM DELAMINADO', 'CAPIM NP', 8, 'PTA', 'A', '', NULL),
(115, 'CAULIM DELAMINADO', 'CENTURY', 8, 'PTA', 'A', '', NULL),
(116, 'CARBONATO DE CÁLCIO PRECIPITADO', 'CARBITAL IP', 9, 'PTA', 'D', '', NULL),
(117, 'FLOCULANTE PARA KROFTA E MP', 'BUFLOC 565', 19, NULL, 'D', '', NULL),
(119, 'CELULOSE BRANQUEADA FIBRA LONGA', 'LAJA 10', 11, NULL, 'A', '', NULL),
(124, 'ANTIESPUMANTE P/ MAQUINA', 'AFRANIL SLO as', 45, 'MAQ', 'A', '', NULL),
(126, 'CELULOSE BRANQUEADA', 'ARAUCO - VALDIVIA MILL', 10, NULL, 'D', '', NULL),
(127, 'TUBETE', 'TUBETE ( MEDIA RESISTENCIA ) HQ4  76,5 MM 5250 mm', 73, 'PAC', 'A', '', NULL),
(128, 'PIGMENTO PRETO', 'PRETO  SINTERDYE BLT CONC', 33, 'PTA', 'A', '', NULL),
(129, 'AZUL SINTERDYE ASR-TT', 'AZUL SINTERDYE ASR-TT', 80, 'PTA', 'A', '', NULL),
(132, 'LATEX IQT', 'TAUBAREZ T - 950', 34, 'PTA', 'D', '', NULL),
(133, 'PAPEL EMBALAGEM KRAFT EXTRUSADO', 'PAPEL SANDUICHE 2000 mm', 21, 'PAC', 'A', '', NULL),
(134, 'PIGMENTO VIOLETA', 'VIOLETA SINTERDYE ASBL', 80, 'PTA', 'A', '', NULL),
(135, 'AMIDO CATIONICO MANDIOCA', 'INPALCAT CS', 35, 'PTA', 'D', '', NULL),
(136, 'ESTEARATO DE CALCIO', 'CARTACOAT CS', 29, 'PTA', 'D', '', NULL),
(137, 'CARBONATO DE CALCIO PRECIPITADO', 'CARBITAL SE', 9, 'PTA', 'D', '', NULL),
(138, 'EDTA', 'TRILON B', 45, 'TMP', 'A', '', NULL),
(140, 'TALCO', 'TALMAG PC-75', 36, 'TMP', 'A', '', NULL),
(141, 'ANILINA VERMELHA PARA MÁQUINA PAPEL', 'CARTA VERMELHO EBE', 29, NULL, 'A', '', NULL),
(143, 'ALVEJANTE ÓTICO PARA MÁQUINA DE PAPEL', 'LEUKOPHOR APB', 29, NULL, 'D', '', NULL),
(144, 'COAGULANTE CATIÔNICO', 'BUFLOC 5122', 19, NULL, 'A', '', NULL),
(145, 'LÁTEX', 'LATEX DL 6932 LA', 17, 'PTA', 'A', '', NULL),
(152, 'CARBONATO DE CALCIO NATURAL', 'HYDROCARB 90 PG 75%', 41, 'PTA', 'A', '', NULL),
(153, 'LÁTEX', 'STYRONAL 1920', 45, 'PTA', 'A', '', NULL),
(154, 'SILICATO SODIO', 'SILICATO DE SÓDIO GTA 12', 43, 'TMP', 'A', '', NULL),
(155, 'SODA CAUSTICA', 'SODA LIQUIDA CARBOCLORO', 44, 'PASTA', 'A', '', NULL),
(157, 'AGENTE DE HIDROFOBAÇÃO P/MP', 'SIDERCEL 3015', 5, NULL, 'D', '', NULL),
(158, 'ALVEJANTE OTICO P/TINTA', 'LEUKOPHOR SHRU2 LIQ', 29, 'PTA', 'D', '', NULL),
(159, 'ALVEJANTE OTICO P/TINTA', 'LEUKOPHOR VS LIQUID', 29, 'PTA', 'D', '', NULL),
(160, 'ALVEJANTE OTICO P/TINTA', 'TINOPAL SPP DW LIQ', 45, 'PTA', 'D', '', NULL),
(161, 'ALVEJANTE OTICO PARA MAQUINA DE PAPEL', 'TINOPAL UPN(S) LIQ', 45, NULL, 'D', '', NULL),
(163, 'ANTIESPUMANTE PARA MAQUINA DE PAPEL', 'SIDERCEL 52 AT', 5, 'PAC', 'A', '', NULL),
(164, 'CARBONATO DE CÁLCIO NATURAL', 'CARBITAL SE 100', 9, 'PTA', 'A', '', NULL),
(165, 'DISPERSANTE', 'POLYSAL BA', 45, 'PTA', 'A', '', NULL),
(166, 'LATEX P/ ROTOGRAVURA', ' LATEX DRT 4700', 17, 'PTA', 'A', '', NULL),
(167, 'FLOCULANTE PARA KROFTA E MP', 'BLX 16020', 19, 'PAC', 'D', '', NULL),
(169, 'SILICATO DE SÓDIO', 'SILICATO DE SÓDIO MEIA LUA ALCALINO C - 74', 47, 'PASTA', 'A', '', NULL),
(172, 'CAULIM P/ ROTOGRAVURA', 'CAULIM PARAPLATE', 8, 'PTA', 'A', '', NULL),
(173, 'CAULIM P/ ROTOGRAVURA', 'CAPIM RG', 9, 'PTA', 'A', '', NULL),
(174, 'ESPESSANTE P/ ROTOGRAVURA', 'ESPESSANTE ACROSOL BA 964', 45, 'PTA', 'A', '', NULL),
(175, 'LATEX P/ ROTOGRAVURA', 'STYRONAL PE 1963', 45, 'PTA', 'A', '', NULL),
(177, 'CAULIM DELAMINADO', 'CENTURY SLURRY', 8, 'PTA', 'A', '', NULL),
(182, 'ALVEJANTE OTICO PARA MÁQUINA DE PAPEL', 'DYNABRIGHT T', 51, 'PTA', 'A', '', NULL),
(183, 'ALVEJANTE OTICO P/ TINTA', 'DYNABRIGHT S', 51, 'PTA', 'A', '', NULL),
(184, 'BRANQUEADOR OPTICO', 'DYNABRIGHT FBF', 51, 'PTA', 'A', '', NULL),
(185, 'LÁTEX', 'LÁTEX DL 6932 LA', 17, 'PTA', 'D', '', NULL),
(186, 'MICROBIOCIDA  ISOTIAZOLINA', 'QUIMICID 4015', 53, NULL, 'A', '', NULL),
(187, 'ATIVADOR DE BRANQUEADOR ÓTICO', 'QUIMIPEL COAT PVM', 53, 'PTA', 'A', '', NULL),
(190, 'AMIDO CATIONICO DE MILHO ALTRA CHARGE 17620', 'ALTRA CHARGE 17620 AMIDO CATIONICO', 54, 'PTA', 'A', '', NULL),
(191, 'CAULIM CARGA', 'CAULIM SBF', 9, 'PTA', 'A', NULL, NULL),
(192, 'CELULOSE BRANQUEADA FIBRA LONGA', 'OULU PINE', 58, NULL, 'A', NULL, NULL),
(193, 'CELULOSE BRANQUEADA FIBRA LONGA', 'STORA 32', 59, NULL, 'A', NULL, NULL),
(194, 'CELULOSE BRANQUEADA FIBRA LONGA', 'OYJ  SUNILA', 56, NULL, 'A', NULL, NULL),
(195, 'CELULOSE BRANQUEADA FIBRA LONGA', 'ENOPINE', 60, NULL, 'A', NULL, NULL),
(196, 'CELULOSE BRANQUEADA FIBRA CURTA', 'LWARCEL', 57, NULL, 'A', NULL, NULL),
(197, 'LÁTEX OFF SET STYRONAL 1897 BR', 'LATEX  STYRONAL 1897 BR', 45, 'PTA', 'A', NULL, NULL),
(198, 'PIGMENTO VIOLETA', 'VIOLETA SIDER COLOR PG', 33, 'PTA', 'A', NULL, NULL),
(199, 'PIGMENTO VIOLETA', 'VIOLETA SIDER COLOR PG', 5, 'PTA', 'A', NULL, NULL),
(200, 'PIGMENTO AZUL', 'AZUL SIDER COLOR PG', 5, 'PTA', 'A', NULL, NULL),
(201, 'QUELANTE', 'BUSPERSE 2140', 19, 'PASTA', 'A', NULL, NULL),
(202, 'ESPESSANTE', 'ESPESSANTE SIDERCEL CLP 418', 5, 'PTA', 'A', NULL, NULL),
(203, 'PIGMENTO PRETO', 'PRETO SIDER COLOR PG', 5, 'PTA', 'A', NULL, NULL),
(204, 'SULFATO ALUMINIO KEMIRA', 'SULFATO ALUMINIO LIQUIDO ISENTO DE FERRO', 62, 'PTA', 'A', NULL, NULL),
(205, 'CAULIM DELAMINADO', 'CAULIM AMAZON', 7, 'PTA', 'A', NULL, NULL),
(206, 'PAPEL EMBALAGEM KRAFT EXTRUSADO', 'PAPEL SANDUICHE  2200 mm', 21, 'PAC', 'A', NULL, NULL),
(207, 'PAPEL EMBALAGEM KRAFT EXTRUSADO', 'PAPEL SANDUICHE 2260 mm', 21, 'PAC', 'A', NULL, NULL),
(208, 'COAGULANTE CATIÔNICO', 'CATIOFAST 160', 45, 'MP', 'A', NULL, NULL),
(209, 'ENZIMA', 'MAXIMYZE 2530', 19, 'TMP', 'A', NULL, NULL),
(210, 'DISPERSÃO CATIÔNICA DE BREU', 'HI-PHASE 35 P', 64, 'MP', 'A', NULL, NULL),
(211, 'FLOCULANTE PARA KROFTA E MP', 'PERCOLL 3320', 45, 'MP', 'A', NULL, NULL),
(213, 'POLICLORETO DE ALUMÍNIO', 'PERFORM PB 9024', 64, 'MP', 'A', NULL, NULL),
(215, 'TUBETE MEDIA RESISTENCIA', 'TUBETE MEDIA RESISTENCIA NQ4', 65, 'PAC', 'A', NULL, NULL),
(216, 'PAPEL EMBALAGEM KRAFT EXTRUSADO ADESI', 'P.KF PE 800 X 135+25+135', 66, 'PAC', 'A', NULL, NULL),
(217, 'PAPEL EMBALAGEM KRAFT EXTRUSADO ADESI', 'P.KF PE 1400 X 135+25+135', 66, 'PAC', 'A', NULL, NULL),
(218, 'PAPEL EMBALAGEM KRAFT EXTRUSADO ADESI', 'P.KF PE 2260 X 135+25+135', 66, 'PAC', 'A', NULL, NULL),
(219, 'PAPEL EMBALAGEM KRAFT EXTRUSADO ADESI', 'P.KF PE 1800 X 135+25+135', 66, 'PAC', 'A', NULL, NULL),
(220, 'PAPEL EMBALAGEM KRAFT EXTRUSADO ADESI', 'P.KF PE 2000  X 135+25+135', 66, 'PAC', 'A', NULL, NULL),
(221, 'PAPEL EMBALAGEM KRAFT EXTRUSADO ADESI', 'P.KF PE 2260  X 135+25+135', 66, 'PAC', 'A', NULL, NULL),
(222, 'PAPEL EMBALAGEM KRAFT EXTRUSADO ADESI', 'P.KF PE 2200  X 135+25+135', 66, 'PAC', 'A', NULL, NULL),
(223, 'PAPEL EMBALAGEM KRAFT EXTRUSADO ADESI', 'P.KF PE 1600  X 135+25+135', 66, 'PAC', 'A', NULL, NULL),
(224, 'PAPEL EMBALAGEM KRAFT EXTRUSADO ADESI', 'P.KF PE 1900  X 135+25+135', 66, 'PAC', 'A', NULL, NULL),
(225, 'PAPEL EMBALAGEM KRAFT EXTRUSADO ADESI', 'P.KF PE 1200  X 135+25+135', 66, 'PAC', 'A', NULL, NULL),
(226, 'PAPEL EMBALAGEM KRAFT EXTRUSADO ADESI', 'P.KF PE 1200  X 135+25+135', 66, 'PAC', 'D', NULL, NULL),
(227, 'PAPEL EMBALAGEM KRAFT EXTRUSADO ADESI', 'P.KF PE 2000  X 135+25+135', 66, 'PAC', 'A', NULL, NULL),
(229, 'AMIDO CATIÔNICO DE MANDIOCA', 'AMIDO CATIÔNICO DE MANDIOCA MYLBOND 520', 67, 'PTA', 'A', NULL, NULL),
(230, 'AMIDO BIOPOLIMERO', 'AMIDO BIOPOLIMERO C*ICOAT- 07520', 54, 'PTA', 'A', NULL, NULL),
(231, 'LATEX OFF SET STYRONAL PR 8818 - CRT', ' STYRONAL PR 8818 - CRT', 45, 'PTA', 'A', NULL, NULL),
(232, 'AMIDO CATIÔNICO DE MILHO ALTRA CHARGE 15620', 'ALTRA CHARGE 15620 AMIDO CATIÔNICO', 54, 'PTA', 'A', NULL, NULL),
(233, 'TALCO FINNTALC C10 PD2', 'TALCO FINNTALC C10 PD2', 68, 'PTA', 'A', NULL, NULL),
(234, 'SULFATO DE ALUMINIO BAUMINAS', 'SULFATO DE ALUMINIO LIQUID ISENTO DE FERRO', 69, 'PTA', 'A', NULL, NULL),
(235, 'SODA CAUSTICA 50% IMP QUIMISA', 'SODA CAUSTICA 50% IMP QUIMISA', 71, 'TMP', 'A', NULL, NULL),
(236, 'ANILINA AZUL DYNATECH', 'AZUL DYNAPAPER R ST', 51, 'PTA', 'A', NULL, NULL),
(237, 'ANILINA VERMELHA DYNATECH', 'VERMELHO DYNAPAPER MV ST', 51, 'PTA', 'A', NULL, NULL),
(238, 'PAPEL EMBALAGEM KRAFT EXTRUSADO', 'PAPEL SANDUICHE 2260 mm', 21, 'PAC', 'A', NULL, NULL),
(239, 'BIOCIDA LIQUIDO LIPESA 106C', 'LIPESA 106C', 74, 'PTA/PAC', 'A', NULL, NULL),
(240, 'BIOCIDA LIPESA 8200C', 'LIPESA 8200C', 74, 'PTA/PAC', 'A', NULL, NULL),
(241, 'PAPEL EMBALAGEM KRAFT EXTRUSADO ADESI', 'P.KF PE 1000  X 135+25+135', 66, 'PAC', 'A', NULL, NULL),
(244, 'ATIVADOR DE BRANQUEADO ÓTICO', 'POLYOL B05 20', 77, 'PTA', 'A', NULL, NULL),
(248, 'TUBETE HQ4  153MM', 'TUBETE MÉDIA RESISTENCIA 153MM HQ4 2020 MM', 73, 'PAC', 'A', NULL, NULL),
(249, 'TUBETE HQ4  153MM', 'TUBETE MÉDIA RESISTENCIA 153MM HQ4 1180 MM', 73, 'PAC', 'A', NULL, NULL),
(251, 'TUBETE HQ4  153MM', 'TUBETE MÉDIA RESISTENCIA 153MM HQ4 1200 MM', 73, 'PAC', 'A', NULL, NULL),
(252, 'TUBETE HQ4  153MM', 'TUBETE MÉDIA RESISTENCIA 153MM HQ4 2050 MM', 73, 'PAC', 'A', NULL, NULL),
(253, 'TUBETE HQ4  153MM', 'TUBETE MÉDIA RESISTENCIA 153MM HQ4 2040 MM', 73, 'PAC', 'A', NULL, NULL),
(254, 'AGENTE DISPERSANTE PITCH', 'PULPEX DP 4130', 78, 'FUT', 'A', NULL, NULL),
(255, 'TUBETE HQ4  153MM', 'TUBETE MÉDIA RESISTENCIA 153MM HQ4 980 MM', 73, 'PAC', 'A', NULL, NULL),
(256, 'TUBETE HQ4  153MM', 'TUBETE MÉDIA RESISTENCIA 153MM HQ4 5250 MM', 73, 'PAC', 'A', NULL, NULL),
(257, 'DYNACOL - C AGENTE DE COLAGEM AKD', 'DYNACOL - C AGENTE DE COLAGEM AKD', 51, 'PAC', 'A', NULL, NULL),
(258, 'POLIMERO CATIÔNICO', 'POLIMERO CATIÔNICO DYNAFLOC HC', 51, 'PAC', 'A', NULL, NULL),
(259, 'TUBETE MÉDIA RESISTENCIA 153MM', 'TUBETE MÉDIA RESISTENCIA 153MM HQ4 985 MM', 73, 'PAC', 'A', NULL, NULL),
(260, 'TUBETE MÉDIA RESISTENCIA 153MM', 'TUBETE MÉDIA RESISTENCIA 153MM HQ4 2020 MM', 73, 'PAC', 'A', NULL, NULL),
(261, 'DYNAWET AP AGENTE DE RETENÇÃO A UMIDO', 'DYNAWET AP', 51, 'PAC', 'A', NULL, NULL),
(262, 'TUBETE MÉDIA RESISTENCIA 153MM', 'TUBETE MÉDIA RESISTENCIA 153MM HQ4 1160 MM', 73, 'PAC', 'A', NULL, NULL),
(263, 'LATEX ESTIRENO ACRILICO', 'FENNOBIND K6S', 62, 'PTA', 'A', NULL, NULL),
(264, 'STYRONAL PR 8501', 'LATEX STYRONAL PR 8501', 45, 'PTA', 'A', NULL, NULL),
(265, 'TUBETE MÉDIA RESISTENCIA 153MM', 'TUBETE MÉDIA RESISTENCIA 153MM HQ4 1020 MM', 28, 'PAC', 'A', NULL, NULL),
(266, 'HIDROCOL CH - BENTONITA MICROPARTICULA', 'HIDROCOL CH BENTONITA', 45, 'PAC', 'A', NULL, NULL),
(268, 'PAPEL EMBALAGEM KRAFT EXTRUSADO ADESI', 'PAPEL SANDUICHE 400 mm', 66, 'PAC', 'A', NULL, NULL),
(269, 'TUBETE MÉDIA RESISTENCIA 153MM', 'TUBETE MÉDIA RESISTENCIA 153MM HQ4 2200 MM', 28, 'PAC', 'A', NULL, NULL),
(271, 'SODA CAUSTICA TRICON 	ENERGY', 'SODA TRICON ENERGY', 82, NULL, 'A', NULL, NULL),
(272, 'LIPESA 6475', 'LIPESA 6475', 74, NULL, 'A', NULL, NULL),
(276, 'SULFATO DE ALUMÍNIO', 'SULFATO DE ALUMÍNIO AMBIENTALY', 83, 'PTA', 'A', NULL, NULL),
(277, 'DYNAPAPER AZUL RR BB', 'DYNAPAPER AZUL RR BB', 51, 'PAC', 'A', NULL, NULL),
(278, 'LATEX DPF 4917 LA BK', 'LATEX DPF 4917 LA BK', 85, 'PTA', 'A', NULL, NULL),
(280, 'CAULIM AMAZON PREMIUM SLURRY', 'CAULIM AMAZON PREMIUM SLURRY', 87, 'PTA', 'A', NULL, NULL),
(281, 'FENNOPOL K 7426 P', 'FENNOPOL K 7426 P FLOCULANTE KROFTA E MP', 62, 'PAC', 'A', NULL, NULL),
(282, 'FENNOBIND K6S', 'LÁTEX ESTIRENO ACRÍLICO', 62, 'PTA', 'A', NULL, NULL),
(283, 'FENNOFIX 57 COAGULANTE CATIÔNICO', 'FENNOFIX 57 COAGULANTE CATIÔNICO', 62, 'PAC', 'A', NULL, NULL),
(284, 'FENNOSOL BP AS BENTONITA BRANQUEADA', 'FENNOSOL BP AS BENTONITA BRANQUEADA', 62, 'PAC', 'A', NULL, NULL),
(285, 'TESTESTESTESTESTE', 'TESTE', 21, NULL, 'A', '159754', NULL);

-- --------------------------------------------------------

--
-- Estrutura da tabela `recebimentos`
--

CREATE TABLE `recebimentos` (
  `id` bigint(20) UNSIGNED NOT NULL,
  `produto_id` bigint(20) UNSIGNED DEFAULT NULL,
  `nfe` varchar(255) COLLATE utf8mb4_unicode_ci DEFAULT NULL,
  `pesonf` varchar(255) COLLATE utf8mb4_unicode_ci DEFAULT NULL,
  `fornecedor_id` bigint(20) UNSIGNED DEFAULT NULL,
  `created_at` timestamp NULL DEFAULT NULL,
  `updated_at` timestamp NULL DEFAULT NULL,
  `st` varchar(255) COLLATE utf8mb4_unicode_ci DEFAULT NULL,
  `pesoliqnf` varchar(255) COLLATE utf8mb4_unicode_ci DEFAULT NULL,
  `tipoliberacao` varchar(255) COLLATE utf8mb4_unicode_ci DEFAULT NULL,
  `deleted_at` timestamp NULL DEFAULT NULL
) ENGINE=InnoDB DEFAULT CHARSET=utf8mb4 COLLATE=utf8mb4_unicode_ci;

--
-- Extraindo dados da tabela `recebimentos`
--

INSERT INTO `recebimentos` (`id`, `produto_id`, `nfe`, `pesonf`, `fornecedor_id`, `created_at`, `updated_at`, `st`, `pesoliqnf`, `tipoliberacao`, `deleted_at`) VALUES
(12, 11, '134531', '1500', 23, '2020-10-30 21:48:11', '2020-11-06 17:29:09', NULL, '1500', NULL, NULL),
(13, 16, '18054', '985', 21, '2020-11-04 13:25:06', '2020-11-04 13:25:06', NULL, '458', NULL, NULL),
(19, 18, '123112', '1500', 23, '2020-11-04 13:39:39', '2020-11-04 13:39:39', NULL, '458', NULL, NULL),
(20, 15, '373645', '1500', 6, '2020-11-04 14:23:29', '2020-11-04 14:23:29', 'Pendente', '458', NULL, NULL);

-- --------------------------------------------------------

--
-- Estrutura da tabela `users`
--

CREATE TABLE `users` (
  `id` bigint(20) UNSIGNED NOT NULL,
  `name` varchar(255) COLLATE utf8mb4_unicode_ci NOT NULL,
  `email` varchar(255) COLLATE utf8mb4_unicode_ci NOT NULL,
  `email_verified_at` timestamp NULL DEFAULT NULL,
  `password` varchar(255) COLLATE utf8mb4_unicode_ci NOT NULL,
  `remember_token` varchar(100) COLLATE utf8mb4_unicode_ci DEFAULT NULL,
  `created_at` timestamp NULL DEFAULT NULL,
  `updated_at` timestamp NULL DEFAULT NULL
) ENGINE=InnoDB DEFAULT CHARSET=utf8mb4 COLLATE=utf8mb4_unicode_ci;

--
-- Índices para tabelas despejadas
--

--
-- Índices para tabela `analises`
--
ALTER TABLE `analises`
  ADD PRIMARY KEY (`id`),
  ADD KEY `analises_recebimento_id_foreign` (`recebimento_id`),
  ADD KEY `analises_produto_id_foreign` (`produto_id`),
  ADD KEY `analises_analista_id_foreign` (`analista_id`);

--
-- Índices para tabela `analistas`
--
ALTER TABLE `analistas`
  ADD PRIMARY KEY (`id`);

--
-- Índices para tabela `failed_jobs`
--
ALTER TABLE `failed_jobs`
  ADD PRIMARY KEY (`id`);

--
-- Índices para tabela `fornecedors`
--
ALTER TABLE `fornecedors`
  ADD PRIMARY KEY (`id`);

--
-- Índices para tabela `migrations`
--
ALTER TABLE `migrations`
  ADD PRIMARY KEY (`id`);

--
-- Índices para tabela `produtos`
--
ALTER TABLE `produtos`
  ADD PRIMARY KEY (`id`),
  ADD KEY `produtos_fornecedor_id_foreign` (`fornecedor_id`);

--
-- Índices para tabela `recebimentos`
--
ALTER TABLE `recebimentos`
  ADD PRIMARY KEY (`id`),
  ADD KEY `recebiments_produto_id_foreign` (`produto_id`),
  ADD KEY `recebiments_fornecedor_id_foreign` (`fornecedor_id`);

--
-- Índices para tabela `users`
--
ALTER TABLE `users`
  ADD PRIMARY KEY (`id`),
  ADD UNIQUE KEY `users_email_unique` (`email`);

--
-- AUTO_INCREMENT de tabelas despejadas
--

--
-- AUTO_INCREMENT de tabela `analises`
--
ALTER TABLE `analises`
  MODIFY `id` bigint(20) UNSIGNED NOT NULL AUTO_INCREMENT;

--
-- AUTO_INCREMENT de tabela `analistas`
--
ALTER TABLE `analistas`
  MODIFY `id` bigint(20) UNSIGNED NOT NULL AUTO_INCREMENT, AUTO_INCREMENT=2;

--
-- AUTO_INCREMENT de tabela `failed_jobs`
--
ALTER TABLE `failed_jobs`
  MODIFY `id` bigint(20) UNSIGNED NOT NULL AUTO_INCREMENT;

--
-- AUTO_INCREMENT de tabela `fornecedors`
--
ALTER TABLE `fornecedors`
  MODIFY `id` bigint(20) UNSIGNED NOT NULL AUTO_INCREMENT, AUTO_INCREMENT=401;

--
-- AUTO_INCREMENT de tabela `migrations`
--
ALTER TABLE `migrations`
  MODIFY `id` int(10) UNSIGNED NOT NULL AUTO_INCREMENT, AUTO_INCREMENT=10;

--
-- AUTO_INCREMENT de tabela `produtos`
--
ALTER TABLE `produtos`
  MODIFY `id` bigint(20) UNSIGNED NOT NULL AUTO_INCREMENT, AUTO_INCREMENT=286;

--
-- AUTO_INCREMENT de tabela `recebimentos`
--
ALTER TABLE `recebimentos`
  MODIFY `id` bigint(20) UNSIGNED NOT NULL AUTO_INCREMENT, AUTO_INCREMENT=21;

--
-- AUTO_INCREMENT de tabela `users`
--
ALTER TABLE `users`
  MODIFY `id` bigint(20) UNSIGNED NOT NULL AUTO_INCREMENT;

--
-- Restrições para despejos de tabelas
--

--
-- Limitadores para a tabela `analises`
--
ALTER TABLE `analises`
  ADD CONSTRAINT `analises_analista_id_foreign` FOREIGN KEY (`analista_id`) REFERENCES `analistas` (`id`) ON DELETE CASCADE,
  ADD CONSTRAINT `analises_produto_id_foreign` FOREIGN KEY (`produto_id`) REFERENCES `produtos` (`id`) ON DELETE CASCADE,
  ADD CONSTRAINT `analises_recebimento_id_foreign` FOREIGN KEY (`recebimento_id`) REFERENCES `recebimentos` (`id`) ON DELETE CASCADE;

--
-- Limitadores para a tabela `produtos`
--
ALTER TABLE `produtos`
  ADD CONSTRAINT `produtos_fornecedor_id_foreign` FOREIGN KEY (`fornecedor_id`) REFERENCES `fornecedors` (`id`) ON DELETE CASCADE;

--
-- Limitadores para a tabela `recebimentos`
--
ALTER TABLE `recebimentos`
  ADD CONSTRAINT `recebiments_fornecedor_id_foreign` FOREIGN KEY (`fornecedor_id`) REFERENCES `fornecedors` (`id`) ON DELETE CASCADE,
  ADD CONSTRAINT `recebiments_produto_id_foreign` FOREIGN KEY (`produto_id`) REFERENCES `produtos` (`id`) ON DELETE CASCADE;
COMMIT;

/*!40101 SET CHARACTER_SET_CLIENT=@OLD_CHARACTER_SET_CLIENT */;
/*!40101 SET CHARACTER_SET_RESULTS=@OLD_CHARACTER_SET_RESULTS */;
/*!40101 SET COLLATION_CONNECTION=@OLD_COLLATION_CONNECTION */;
